id, name, link, book, bookLink, edition, editionLink
1,Aasimar,/races/races-of-destiny--81/aasimar--17/,Races of Destiny,/rulebooks/supplementals-35--5/races-of-destiny--81/,Supplementals (3.5),/rulebooks/supplementals-35--5/,
2,Bariaur,/races/book-of-exalted-deeds--52/bariaur--23/,Book of Exalted Deeds,/rulebooks/supplementals-35--5/book-of-exalted-deeds--52/,Supplementals (3.5),/rulebooks/supplementals-35--5/,
3,Diabolus,/races/dragon-compendium--109/diabolus--29/,Dragon Compendium,/rulebooks/supplementals-35--5/dragon-compendium--109/,Supplementals (3.5),/rulebooks/supplementals-35--5/,
4,Diopsid,/races/dragon-compendium--109/diopsid--30/,Dragon Compendium,/rulebooks/supplementals-35--5/dragon-compendium--109/,Supplementals (3.5),/rulebooks/supplementals-35--5/,
5,Doppleganger,/races/races-of-destiny--81/doppleganger--9/,Races of Destiny,/rulebooks/supplementals-35--5/races-of-destiny--81/,Supplementals (3.5),/rulebooks/supplementals-35--5/,
6,Drow,/races/monster-manual-v35--5/drow--6/,Monster Manual v.3.5,/rulebooks/core-35--1/monster-manual-v35--5/,Core (3.5),/rulebooks/core-35--1/,
7,Dvati,/races/dragon-compendium--109/dvati--31/,Dragon Compendium,/rulebooks/supplementals-35--5/dragon-compendium--109/,Supplementals (3.5),/rulebooks/supplementals-35--5/,
8,Dwarf,/races/players-handbook-v35--6/dwarf--4/,Player&#39;s Handbook v.3.5,/rulebooks/core-35--1/players-handbook-v35--6/,Core (3.5),/rulebooks/core-35--1/,
9,Elf,/races/players-handbook-v35--6/elf--2/,Player&#39;s Handbook v.3.5,/rulebooks/core-35--1/players-handbook-v35--6/,Core (3.5),/rulebooks/core-35--1/,
10,Feral gargan,/races/races-of-stone--82/feral-gargan--14/,Races of Stone,/rulebooks/supplementals-35--5/races-of-stone--82/,Supplementals (3.5),/rulebooks/supplementals-35--5/,
11,Gnome,/races/players-handbook-v35--6/gnome--12/,Player&#39;s Handbook v.3.5,/rulebooks/core-35--1/players-handbook-v35--6/,Core (3.5),/rulebooks/core-35--1/,
12,Goliath,/races/races-of-stone--82/goliath--13/,Races of Stone,/rulebooks/supplementals-35--5/races-of-stone--82/,Supplementals (3.5),/rulebooks/supplementals-35--5/,
13,Half-elf,/races/players-handbook-v35--6/half-elf--3/,Player&#39;s Handbook v.3.5,/rulebooks/core-35--1/players-handbook-v35--6/,Core (3.5),/rulebooks/core-35--1/,
14,Half-moon elf,/races/forgotten-realms-campaign-setting--19/half-moon-elf--19/,Forgotten Realms Campaign Setting,/rulebooks/forgotten-realms-30--6/forgotten-realms-campaign-setting--19/,Forgotten Realms (3.0),/rulebooks/forgotten-realms-30--6/,
15,Half-ogre,/races/races-of-destiny--81/half-ogre--11/,Races of Destiny,/rulebooks/supplementals-35--5/races-of-destiny--81/,Supplementals (3.5),/rulebooks/supplementals-35--5/,
16,Half-ogres,/races/savage-species--47/half-ogres--40/,Savage Species,/rulebooks/supplementals-30--7/savage-species--47/,Supplementals (3.0),/rulebooks/supplementals-30--7/,
17,Half-Orc,/races/players-handbook-v35--6/half-orc--7/,Player&#39;s Handbook v.3.5,/rulebooks/core-35--1/players-handbook-v35--6/,Core (3.5),/rulebooks/core-35--1/,
18,Halfling,/races/players-handbook-v35--6/halfling--15/,Player&#39;s Handbook v.3.5,/rulebooks/core-35--1/players-handbook-v35--6/,Core (3.5),/rulebooks/core-35--1/,
19,Hengeyokai,/races/oriental-adventures--96/hengeyokai--38/,Oriental Adventures,/rulebooks/oriental-adventures--8/oriental-adventures--96/,Oriental Adventures (3.0),/rulebooks/oriental-adventures--8/,
20,Human,/races/players-handbook-v35--6/human--5/,Player&#39;s Handbook v.3.5,/rulebooks/core-35--1/players-handbook-v35--6/,Core (3.5),/rulebooks/core-35--1/,
21,Illumian,/races/races-of-destiny--81/illumian--10/,Races of Destiny,/rulebooks/supplementals-35--5/races-of-destiny--81/,Supplementals (3.5),/rulebooks/supplementals-35--5/,
22,Jerren,/races/book-of-vile-darkness--37/jerren--36/,Book of Vile Darkness,/rulebooks/supplementals-30--7/book-of-vile-darkness--37/,Supplementals (3.0),/rulebooks/supplementals-30--7/,
23,Kalashtar,/races/races-of-eberron--10/kalashtar--39/,Races of Eberron,/rulebooks/eberron-35--3/races-of-eberron--10/,Eberron (3.5),/rulebooks/eberron-35--3/,
24,Korobukuru,/races/oriental-adventures--96/korobukuru--34/,Oriental Adventures,/rulebooks/oriental-adventures--8/oriental-adventures--96/,Oriental Adventures (3.0),/rulebooks/oriental-adventures--8/,
25,Kuo-Toa,/races/underdark--34/kuo-toa--21/,Underdark,/rulebooks/forgotten-realms-35--4/underdark--34/,Forgotten Realms (3.5),/rulebooks/forgotten-realms-35--4/,
26,Lupin,/races/dragon-compendium--109/lupin--32/,Dragon Compendium,/rulebooks/supplementals-35--5/dragon-compendium--109/,Supplementals (3.5),/rulebooks/supplementals-35--5/,
27,Minotaur,/races/monster-manual-v35--5/minotaur--1/,Monster Manual v.3.5,/rulebooks/core-35--1/monster-manual-v35--5/,Core (3.5),/rulebooks/core-35--1/,
28,Nezumi,/races/oriental-adventures--96/nezumi--25/,Oriental Adventures,/rulebooks/oriental-adventures--8/oriental-adventures--96/,Oriental Adventures (3.0),/rulebooks/oriental-adventures--8/,
29,Orc,/races/monster-manual-v35--5/orc--8/,Monster Manual v.3.5,/rulebooks/core-35--1/monster-manual-v35--5/,Core (3.5),/rulebooks/core-35--1/,
30,Pixie (Sprite),/races/savage-species--47/pixie-sprite--22/,Savage Species,/rulebooks/supplementals-30--7/savage-species--47/,Supplementals (3.0),/rulebooks/supplementals-30--7/,
31,Raptoran,/races/races-of-the-wild--84/raptoran--16/,Races of the Wild,/rulebooks/supplementals-35--5/races-of-the-wild--84/,Supplementals (3.5),/rulebooks/supplementals-35--5/,
32,Skarn,/races/magic-of-incarnum--74/skarn--18/,Magic of Incarnum,/rulebooks/supplementals-35--5/magic-of-incarnum--74/,Supplementals (3.5),/rulebooks/supplementals-35--5/,
33,Skulk,/races/races-of-destiny--81/skulk--42/,Races of Destiny,/rulebooks/supplementals-35--5/races-of-destiny--81/,Supplementals (3.5),/rulebooks/supplementals-35--5/,
34,Spirit Folk Bamboo,/races/oriental-adventures--96/spirit-folk-bamboo--26/,Oriental Adventures,/rulebooks/oriental-adventures--8/oriental-adventures--96/,Oriental Adventures (3.0),/rulebooks/oriental-adventures--8/,
35,Spirit Folk River,/races/oriental-adventures--96/spirit-folk-river--27/,Oriental Adventures,/rulebooks/oriental-adventures--8/oriental-adventures--96/,Oriental Adventures (3.0),/rulebooks/oriental-adventures--8/,
36,Spirit Folk Sea,/races/oriental-adventures--96/spirit-folk-sea--28/,Oriental Adventures,/rulebooks/oriental-adventures--8/oriental-adventures--96/,Oriental Adventures (3.0),/rulebooks/oriental-adventures--8/,
37,Tibbit,/races/dragon-compendium--109/tibbit--33/,Dragon Compendium,/rulebooks/supplementals-35--5/dragon-compendium--109/,Supplementals (3.5),/rulebooks/supplementals-35--5/,
38,Tiefling,/races/races-of-destiny--81/tiefling--20/,Races of Destiny,/rulebooks/supplementals-35--5/races-of-destiny--81/,Supplementals (3.5),/rulebooks/supplementals-35--5/,
39,Underfolk,/races/races-of-destiny--81/underfolk--41/,Races of Destiny,/rulebooks/supplementals-35--5/races-of-destiny--81/,Supplementals (3.5),/rulebooks/supplementals-35--5/,
40,Vanara,/races/oriental-adventures--96/vanara--24/,Oriental Adventures,/rulebooks/oriental-adventures--8/oriental-adventures--96/,Oriental Adventures (3.0),/rulebooks/oriental-adventures--8/,
41,Vashar,/races/book-of-vile-darkness--37/vashar--37/,Book of Vile Darkness,/rulebooks/supplementals-30--7/book-of-vile-darkness--37/,Supplementals (3.0),/rulebooks/supplementals-30--7/,
42,Whisper Gnome,/races/races-of-stone--82/whisper-gnome--35/,Races of Stone,/rulebooks/supplementals-35--5/races-of-stone--82/,Supplementals (3.5),/rulebooks/supplementals-35--5/,